density,ID
0.303265329856317,1.csv
0.049787068367864,10.csv
0.0919698602928606,2.csv
0.238843770191263,3.csv
0.303265329856317,4.csv
0.122626480390481,5.csv
0.183939720585721,6.csv
0.0735758882342885,7.csv
0.101088443285439,8.csv
0.151632664928158,9.csv
